longitude,latitude,elevation,quality
0,-90.0,-1999.999999999999,4
0,-79.95077051005741,-1999.999999999998,4
0,-69.90751922416236,-1999.9999999999986,1
0,-59.875484259792245,-1999.9999999999986,2
0,-49.85852185307751,-1999.9999999999986,4
0,-39.858644943981794,-1999.9999999999986,3
0,-29.875795937763794,-1999.9999999999986,1
0,-19.907873652774136,-1999.9999999999986,4
0,-9.95100184776491,-1999.9999999999986,2
0,0.0,-1999.9999999999986,3
0,9.95100184776491,-1999.9999999999986,3
0,19.907873652774136,-1999.9999999999986,3
0,29.875795937763794,-1999.9999999999986,3
0,39.858644943981794,-1999.9999999999986,3
0,49.85852185307751,-1999.9999999999986,1
0,59.875484259792245,-1999.9999999999986,1
0,69.90751922416236,-1999.9999999999986,4
0,79.95077051005741,-1999.9999999999986,2
0,90.0,-2002.584601966317,1
10,-90.0,-1994.7522642444874,3
10,-79.95077051005741,-1972.43329850897,2
10,-69.90751922416236,-1940.6135251835608,3
10,-59.875484259792245,-1913.1827818107613,3
10,-49.85852185307751,-1888.389935681009,1
10,-39.858644943981794,-1866.9883048781721,2
10,-29.875795937763794,-1849.6281671244465,3
10,-19.907873652774136,-1836.8370014208253,4
10,-9.95100184776491,-1829.0034608645713,4
10,0.0,-1826.3655636215235,3
10,9.95100184776491,-1829.0034608645713,3
10,19.907873652774136,-1836.8370014208253,1
10,29.875795937763794,-1849.6281671244465,1
10,39.858644943981794,-1866.9883048781721,4
10,49.85852185307751,-1888.389935681009,3
10,59.875484259792245,-1913.1827818107613,3
10,69.90751922416236,-1940.6135251835608,2
10,79.95077051005741,-1972.43329850897,3
10,90.0,-1999.8429363542489,2
20,-90.0,-1992.248580250743,4
20,-79.95077051005741,-1945.7041972933225,1
20,-69.90751922416236,-1883.0314783534145,4
20,-59.875484259792245,-1829.0034608645715,3
20,-49.85852185307751,-1780.1710866889348,2
20,-39.858644943981794,-1738.018102805457,4
20,-29.875795937763794,-1703.8253062989988,4
20,-19.907873652774136,-1678.631627989019,2
20,-9.95100184776491,-1663.2025650423504,2
20,0.0,-1658.0069217291443,2
20,9.95100184776491,-1663.2025650423504,3
20,19.907873652774136,-1678.631627989019,3
20,29.875795937763794,-1703.8253062989988,1
20,39.858644943981794,-1738.018102805457,1
20,49.85852185307751,-1780.1710866889348,1
20,59.875484259792245,-1829.0034608645715,3
20,69.90751922416236,-1883.0314783534145,3
20,79.95077051005741,-1945.7041972933225,4
20,90.0,-1997.1060430415791,1
30,-90.0,-1989.9804192236725,2
30,-79.95077051005741,-1920.6248465679153,4
30,-69.90751922416236,-1829.0034608645715,4
30,-59.875484259792245,-1750.0197832315878,1
30,-49.85852185307751,-1678.631627989019,4
30,-39.858644943981794,-1617.0080881097613,4
30,-29.875795937763794,-1567.0215636700298,2
30,-19.907873652774136,-1530.1908699205237,2
30,-9.95100184776491,-1507.635088853592,4
30,0.0,-1500.0395664631767,1
30,9.95100184776491,-1507.635088853592,4
30,19.907873652774136,-1530.1908699205237,2
30,29.875795937763794,-1567.0215636700298,1
30,39.858644943981794,-1617.0080881097613,2
30,49.85852185307751,-1678.631627989019,4
30,59.875484259792245,-1750.0197832315878,3
30,69.90751922416236,-1829.0034608645715,4
30,79.95077051005741,-1920.6248465679153,1
30,90.0,-1994.457081146678,2
40,-90.0,-1988.0166980883378,3
40,-79.95077051005741,-1897.9572697137764,4
40,-69.90751922416236,-1780.1710866889348,1
40,-59.875484259792245,-1678.631627989019,1
40,-49.85852185307751,-1586.8567846524143,1
40,-39.858644943981794,-1507.635088853592,1
40,-29.875795937763794,-1443.3736517312864,1
40,-19.907873652774136,-1396.0250245346024,2
40,-9.95100184776491,-1367.0278713413504,3
40,0.0,-1357.2632559780395,2
40,9.95100184776491,-1367.0278713413504,3
40,19.907873652774136,-1396.0250245346024,3
40,29.875795937763794,-1443.3736517312864,3
40,39.858644943981794,-1507.635088853592,2
40,49.85852185307751,-1586.8567846524143,2
40,59.875484259792245,-1678.631627989019,4
40,69.90751922416236,-1780.1710866889348,4
40,79.95077051005741,-1897.9572697137764,1
40,90.0,-1991.9765380362826,1
50,-90.0,-1986.4170835177456,3
50,-79.95077051005741,-1878.390209583271,2
50,-69.90751922416236,-1738.018102805457,3
50,-59.875484259792245,-1617.0080881097613,4
50,-49.85852185307751,-1507.635088853592,2
50,-39.858644943981794,-1413.2223482739396,1
50,-29.875795937763794,-1336.6385497181648,3
50,-19.907873652774136,-1280.2106531521126,1
50,-9.95100184776491,-1245.65319165905,4
50,0.0,-1234.0161762195237,3
50,9.95100184776491,-1245.65319165905,4
50,19.907873652774136,-1280.2106531521126,1
50,29.875795937763794,-1336.6385497181648,3
50,39.858644943981794,-1413.2223482739396,1
50,49.85852185307751,-1507.635088853592,1
50,59.875484259792245,-1617.0080881097613,3
50,69.90751922416236,-1738.018102805457,4
50,79.95077051005741,-1878.390209583271,3
50,90.0,-1989.739783757587,3
60,-90.0,-1985.2301789911792,1
60,-79.95077051005741,-1862.5182013970552,3
60,-69.90751922416236,-1703.8253062989988,3
60,-59.875484259792245,-1567.0215636700295,3
60,-49.85852185307751,-1443.3736517312864,4
60,-39.858644943981794,-1336.6385497181648,1
60,-29.875795937763794,-1250.0593496947658,4
60,-19.907873652774136,-1186.2667168426124,2
60,-9.95100184776491,-1147.1989580302861,3
60,0.0,-1134.0431273400607,3
60,9.95100184776491,-1147.1989580302861,2
60,19.907873652774136,-1186.2667168426124,1
60,29.875795937763794,-1250.0593496947658,2
60,39.858644943981794,-1336.6385497181648,3
60,49.85852185307751,-1443.3736517312864,3
60,59.875484259792245,-1567.0215636700295,3
60,69.90751922416236,-1703.8253062989988,2
60,79.95077051005741,-1862.5182013970552,3
60,90.0,-1987.8147809574973,3
70,-90.0,-1984.4920480020755,3
70,-79.95077051005741,-1850.8235080922427,1
70,-69.90751922416236,-1678.6316279890189,3
70,-59.875484259792245,-1530.1908699205235,2
70,-49.85852185307751,-1396.0250245346024,2
70,-39.858644943981794,-1280.2106531521129,3
70,-29.875795937763794,-1186.2667168426124,3
70,-19.907873652774136,-1117.0476545729396,4
70,-9.95100184776491,-1074.656652523623,3
70,0.0,-1060.3817398410488,1
70,9.95100184776491,-1074.656652523623,3
70,19.907873652774136,-1117.0476545729396,4
70,29.875795937763794,-1186.2667168426124,2
70,39.858644943981794,-1280.2106531521129,4
70,49.85852185307751,-1396.0250245346024,1
70,59.875484259792245,-1530.1908699205235,4
70,69.90751922416236,-1678.6316279890189,4
70,79.95077051005741,-1850.8235080922427,2
70,90.0,-1986.2600198719956,1
80,-90.0,-1984.2251182870268,2
80,-79.95077051005741,-1843.6614670071,3
80,-69.90751922416236,-1663.2025650423502,2
80,-59.875484259792245,-1507.635088853592,4
80,-49.85852185307751,-1367.0278713413504,2
80,-39.858644943981794,-1245.65319165905,1
80,-29.875795937763794,-1147.1989580302861,4
80,-19.907873652774136,-1074.6566525236228,4
80,-9.95100184776491,-1030.2304363837022,4
80,0.0,-1015.2701777071853,2
80,9.95100184776491,-1030.2304363837022,3
80,19.907873652774136,-1074.6566525236228,4
80,29.875795937763794,-1147.1989580302861,2
80,39.858644943981794,-1245.65319165905,2
80,49.85852185307751,-1367.0278713413504,2
80,59.875484259792245,-1507.635088853592,4
80,69.90751922416236,-1663.2025650423502,2
80,79.95077051005741,-1843.6614670071,3
80,90.0,-1985.122741129918,2
90,-90.0,-1984.4375003703512,2
90,-79.95077051005741,-1841.2496931358314,2
90,-69.90751922416236,-1658.0069217291439,1
90,-59.875484259792245,-1500.039566463177,2
90,-49.85852185307751,-1357.2632559780395,1
90,-39.858644943981794,-1234.0161762195237,2
90,-29.875795937763794,-1134.0431273400602,4
90,-19.907873652774136,-1060.3817398410486,3
90,-9.95100184776491,-1015.270177707185,2
90,0.0,-1000.0791329263553,1
90,9.95100184776491,-1015.270177707185,4
90,19.907873652774136,-1060.3817398410486,2
90,29.875795937763794,-1134.0431273400602,3
90,39.858644943981794,-1234.0161762195237,3
90,49.85852185307751,-1357.2632559780395,4
90,59.875484259792245,-1500.039566463177,4
90,69.90751922416236,-1658.0069217291439,4
90,79.95077051005741,-1841.2496931358314,1
90,90.0,-1984.4375003703512,3
100,-90.0,-1985.122741129918,3
100,-79.95077051005741,-1843.6614670071,4
100,-69.90751922416236,-1663.2025650423502,4
100,-59.875484259792245,-1507.635088853592,2
100,-49.85852185307751,-1367.0278713413504,3
100,-39.858644943981794,-1245.65319165905,1
100,-29.875795937763794,-1147.1989580302861,3
100,-19.907873652774136,-1074.6566525236228,1
100,-9.95100184776491,-1030.2304363837022,3
100,0.0,-1015.2701777071853,1
100,9.95100184776491,-1030.2304363837022,1
100,19.907873652774136,-1074.6566525236228,1
100,29.875795937763794,-1147.1989580302861,1
100,39.858644943981794,-1245.65319165905,3
100,49.85852185307751,-1367.0278713413504,3
100,59.875484259792245,-1507.635088853592,2
100,69.90751922416236,-1663.2025650423502,4
100,79.95077051005741,-1843.6614670071,1
100,90.0,-1984.2251182870268,3
110,-90.0,-1986.2600198719956,3
110,-79.95077051005741,-1850.8235080922427,4
110,-69.90751922416236,-1678.6316279890189,2
110,-59.875484259792245,-1530.1908699205235,4
110,-49.85852185307751,-1396.0250245346024,4
110,-39.858644943981794,-1280.2106531521129,3
110,-29.875795937763794,-1186.2667168426124,1
110,-19.907873652774136,-1117.0476545729396,3
110,-9.95100184776491,-1074.6566525236228,3
110,0.0,-1060.3817398410488,1
110,9.95100184776491,-1074.6566525236228,1
110,19.907873652774136,-1117.0476545729396,3
110,29.875795937763794,-1186.2667168426124,3
110,39.858644943981794,-1280.2106531521129,2
110,49.85852185307751,-1396.0250245346024,4
110,59.875484259792245,-1530.1908699205235,2
110,69.90751922416236,-1678.6316279890189,2
110,79.95077051005741,-1850.8235080922427,2
110,90.0,-1984.4920480020758,3
120,-90.0,-1987.8147809574973,2
120,-79.95077051005741,-1862.518201397055,3
120,-69.90751922416236,-1703.8253062989986,2
120,-59.875484259792245,-1567.0215636700295,4
120,-49.85852185307751,-1443.373651731286,3
120,-39.858644943981794,-1336.6385497181645,4
120,-29.875795937763794,-1250.059349694766,4
120,-19.907873652774136,-1186.2667168426124,3
120,-9.95100184776491,-1147.1989580302861,2
120,0.0,-1134.0431273400604,3
120,9.95100184776491,-1147.1989580302861,4
120,19.907873652774136,-1186.2667168426124,1
120,29.875795937763794,-1250.059349694766,3
120,39.858644943981794,-1336.6385497181645,3
120,49.85852185307751,-1443.373651731286,4
120,59.875484259792245,-1567.0215636700295,3
120,69.90751922416236,-1703.8253062989986,2
120,79.95077051005741,-1862.518201397055,3
120,90.0,-1985.2301789911792,1
130,-90.0,-1989.7397837575872,1
130,-79.95077051005741,-1878.390209583271,4
130,-69.90751922416236,-1738.018102805457,1
130,-59.875484259792245,-1617.0080881097613,3
130,-49.85852185307751,-1507.635088853592,2
130,-39.858644943981794,-1413.2223482739396,3
130,-29.875795937763794,-1336.6385497181648,4
130,-19.907873652774136,-1280.2106531521126,2
130,-9.95100184776491,-1245.65319165905,4
130,0.0,-1234.0161762195237,1
130,9.95100184776491,-1245.65319165905,3
130,19.907873652774136,-1280.2106531521126,3
130,29.875795937763794,-1336.6385497181648,4
130,39.858644943981794,-1413.2223482739396,3
130,49.85852185307751,-1507.635088853592,1
130,59.875484259792245,-1617.0080881097613,4
130,69.90751922416236,-1738.018102805457,4
130,79.95077051005741,-1878.390209583271,1
130,90.0,-1986.4170835177456,3
140,-90.0,-1991.9765380362826,2
140,-79.95077051005741,-1897.9572697137762,3
140,-69.90751922416236,-1780.1710866889346,1
140,-59.875484259792245,-1678.6316279890189,1
140,-49.85852185307751,-1586.8567846524143,4
140,-39.858644943981794,-1507.635088853592,1
140,-29.875795937763794,-1443.373651731286,4
140,-19.907873652774136,-1396.0250245346022,1
140,-9.95100184776491,-1367.0278713413504,3
140,0.0,-1357.2632559780395,3
140,9.95100184776491,-1367.0278713413504,4
140,19.907873652774136,-1396.0250245346022,1
140,29.875795937763794,-1443.373651731286,3
140,39.858644943981794,-1507.635088853592,3
140,49.85852185307751,-1586.8567846524143,4
140,59.875484259792245,-1678.6316279890189,1
140,69.90751922416236,-1780.1710866889346,2
140,79.95077051005741,-1897.9572697137762,2
140,90.0,-1988.0166980883378,2
150,-90.0,-1994.457081146678,2
150,-79.95077051005741,-1920.6248465679153,4
150,-69.90751922416236,-1829.0034608645715,2
150,-59.875484259792245,-1750.0197832315878,2
150,-49.85852185307751,-1678.631627989019,1
150,-39.858644943981794,-1617.0080881097613,1
150,-29.875795937763794,-1567.0215636700298,1
150,-19.907873652774136,-1530.1908699205237,3
150,-9.95100184776491,-1507.635088853592,4
150,0.0,-1500.0395664631767,1
150,9.95100184776491,-1507.635088853592,2
150,19.907873652774136,-1530.1908699205237,1
150,29.875795937763794,-1567.0215636700298,4
150,39.858644943981794,-1617.0080881097613,1
150,49.85852185307751,-1678.631627989019,3
150,59.875484259792245,-1750.0197832315878,4
150,69.90751922416236,-1829.0034608645715,3
150,79.95077051005741,-1920.6248465679153,2
150,90.0,-1989.9804192236725,4
160,-90.0,-1997.1060430415791,1
160,-79.95077051005741,-1945.7041972933225,4
160,-69.90751922416236,-1883.0314783534145,4
160,-59.875484259792245,-1829.003460864571,2
160,-49.85852185307751,-1780.1710866889346,1
160,-39.858644943981794,-1738.018102805457,4
160,-29.875795937763794,-1703.8253062989988,1
160,-19.907873652774136,-1678.631627989019,4
160,-9.95100184776491,-1663.2025650423502,1
160,0.0,-1658.0069217291443,4
160,9.95100184776491,-1663.2025650423502,2
160,19.907873652774136,-1678.631627989019,1
160,29.875795937763794,-1703.8253062989988,4
160,39.858644943981794,-1738.018102805457,3
160,49.85852185307751,-1780.1710866889346,2
160,59.875484259792245,-1829.003460864571,3
160,69.90751922416236,-1883.0314783534145,3
160,79.95077051005741,-1945.7041972933225,1
160,90.0,-1992.248580250743,4
170,-90.0,-1999.8429363542489,1
170,-79.95077051005741,-1972.43329850897,3
170,-69.90751922416236,-1940.6135251835608,3
170,-59.875484259792245,-1913.1827818107613,3
170,-49.85852185307751,-1888.389935681009,4
170,-39.858644943981794,-1866.9883048781721,4
170,-29.875795937763794,-1849.6281671244465,1
170,-19.907873652774136,-1836.8370014208253,3
170,-9.95100184776491,-1829.0034608645713,2
170,0.0,-1826.3655636215235,3
170,9.95100184776491,-1829.0034608645713,3
170,19.907873652774136,-1836.8370014208253,3
170,29.875795937763794,-1849.6281671244465,3
170,39.858644943981794,-1866.9883048781721,4
170,49.85852185307751,-1888.389935681009,3
170,59.875484259792245,-1913.1827818107613,4
170,69.90751922416236,-1940.6135251835608,4
170,79.95077051005741,-1972.43329850897,4
170,90.0,-1994.7522642444874,3
180,-90.0,-2002.584601966317,1
180,-79.95077051005741,-1999.9999999999986,1
180,-69.90751922416236,-1999.9999999999986,2
180,-59.875484259792245,-1999.9999999999986,2
180,-49.85852185307751,-1999.9999999999986,2
180,-39.858644943981794,-1999.9999999999986,4
180,-29.875795937763794,-1999.9999999999986,2
180,-19.907873652774136,-1999.9999999999986,3
180,-9.95100184776491,-1999.9999999999986,1
180,0.0,-1999.9999999999986,2
180,9.95100184776491,-1999.9999999999986,4
180,19.907873652774136,-1999.9999999999986,2
180,29.875795937763794,-1999.9999999999986,3
180,39.858644943981794,-1999.9999999999986,2
180,49.85852185307751,-1999.9999999999986,4
180,59.875484259792245,-1999.9999999999986,3
180,69.90751922416236,-1999.9999999999986,2
180,79.95077051005741,-1999.9999999999986,3
180,90.0,-1997.4153980336805,3
190,-90.0,-2005.24773575551,4
190,-79.95077051005741,-2027.5667014910268,3
190,-69.90751922416236,-2059.386474816436,3
190,-59.875484259792245,-2086.8172181892364,4
190,-49.85852185307751,-2111.6100643189884,3
190,-39.858644943981794,-2133.011695121825,2
190,-29.875795937763794,-2150.371832875551,3
190,-19.907873652774136,-2163.1629985791724,2
190,-9.95100184776491,-2170.996539135426,2
190,0.0,-2173.6344363784738,3
190,9.95100184776491,-2170.996539135426,3
190,19.907873652774136,-2163.1629985791724,2
190,29.875795937763794,-2150.371832875551,2
190,39.858644943981794,-2133.011695121825,3
190,49.85852185307751,-2111.6100643189884,1
190,59.875484259792245,-2086.8172181892364,2
190,69.90751922416236,-2059.386474816436,4
190,79.95077051005741,-2027.5667014910268,4
190,90.0,-2000.1570636457484,1
200,-90.0,-2007.7514197492542,1
200,-79.95077051005741,-2054.2958027066747,4
200,-69.90751922416236,-2116.9685216465828,3
200,-59.875484259792245,-2170.996539135426,2
200,-49.85852185307751,-2219.8289133110625,3
200,-39.858644943981794,-2261.9818971945406,3
200,-29.875795937763794,-2296.1746937009984,1
200,-19.907873652774136,-2321.3683720109784,2
200,-9.95100184776491,-2336.7974349576466,2
200,0.0,-2341.993078270853,3
200,9.95100184776491,-2336.7974349576466,4
200,19.907873652774136,-2321.3683720109784,3
200,29.875795937763794,-2296.1746937009984,3
200,39.858644943981794,-2261.9818971945406,3
200,49.85852185307751,-2219.8289133110625,1
200,59.875484259792245,-2170.996539135426,3
200,69.90751922416236,-2116.9685216465828,3
200,79.95077051005741,-2054.2958027066747,4
200,90.0,-2002.8939569584181,2
210,-90.0,-2010.019580776325,1
210,-79.95077051005741,-2079.3751534320822,4
210,-69.90751922416236,-2170.996539135426,2
210,-59.875484259792245,-2249.9802167684093,1
210,-49.85852185307751,-2321.3683720109784,1
210,-39.858644943981794,-2382.991911890236,4
210,-29.875795937763794,-2432.9784363299677,3
210,-19.907873652774136,-2469.809130079474,4
210,-9.95100184776491,-2492.3649111464056,4
210,0.0,-2499.9604335368203,3
210,9.95100184776491,-2492.3649111464056,2
210,19.907873652774136,-2469.809130079474,2
210,29.875795937763794,-2432.9784363299677,1
210,39.858644943981794,-2382.991911890236,4
210,49.85852185307751,-2321.3683720109784,4
210,59.875484259792245,-2249.9802167684093,3
210,69.90751922416236,-2170.996539135426,4
210,79.95077051005741,-2079.3751534320822,3
210,90.0,-2005.5429188533194,2
220,-90.0,-2011.9833019116595,1
220,-79.95077051005741,-2102.042730286221,2
220,-69.90751922416236,-2219.828913311063,2
220,-59.875484259792245,-2321.3683720109784,2
220,-49.85852185307751,-2413.1432153475826,2
220,-39.858644943981794,-2492.364911146405,3
220,-29.875795937763794,-2556.626348268711,1
220,-19.907873652774136,-2603.974975465395,1
220,-9.95100184776491,-2632.972128658647,4
220,0.0,-2642.7367440219577,4
220,9.95100184776491,-2632.972128658647,2
220,19.907873652774136,-2603.974975465395,1
220,29.875795937763794,-2556.626348268711,3
220,39.858644943981794,-2492.364911146405,2
220,49.85852185307751,-2413.1432153475826,1
220,59.875484259792245,-2321.3683720109784,4
220,69.90751922416236,-2219.828913311063,3
220,79.95077051005741,-2102.042730286221,1
220,90.0,-2008.0234619637147,3
230,-90.0,-2013.5829164822521,2
230,-79.95077051005741,-2121.609790416726,1
230,-69.90751922416236,-2261.98189719454,4
230,-59.875484259792245,-2382.991911890236,1
230,-49.85852185307751,-2492.364911146405,1
230,-39.858644943981794,-2586.7776517260577,1
230,-29.875795937763794,-2663.3614502818327,3
230,-19.907873652774136,-2719.789346847884,3
230,-9.95100184776491,-2754.346808340947,4
230,0.0,-2765.9838237804734,4
230,9.95100184776491,-2754.346808340947,1
230,19.907873652774136,-2719.789346847884,3
230,29.875795937763794,-2663.3614502818327,3
230,39.858644943981794,-2586.7776517260577,2
230,49.85852185307751,-2492.364911146405,2
230,59.875484259792245,-2382.991911890236,4
230,69.90751922416236,-2261.98189719454,4
230,79.95077051005741,-2121.609790416726,4
230,90.0,-2010.2602162424105,4
240,-90.0,-2014.769821008818,2
240,-79.95077051005741,-2137.481798602942,1
240,-69.90751922416236,-2296.1746937009984,1
240,-59.875484259792245,-2432.9784363299677,3
240,-49.85852185307751,-2556.626348268711,3
240,-39.858644943981794,-2663.3614502818327,4
240,-29.875795937763794,-2749.940650305231,1
240,-19.907873652774136,-2813.733283157385,3
240,-9.95100184776491,-2852.801041969711,4
240,0.0,-2865.9568726599364,1
240,9.95100184776491,-2852.801041969711,1
240,19.907873652774136,-2813.733283157385,3
240,29.875795937763794,-2749.940650305231,1
240,39.858644943981794,-2663.3614502818327,3
240,49.85852185307751,-2556.626348268711,1
240,59.875484259792245,-2432.9784363299677,3
240,69.90751922416236,-2296.1746937009984,3
240,79.95077051005741,-2137.481798602942,4
240,90.0,-2012.1852190424997,3
250,-90.0,-2015.5079519979215,2
250,-79.95077051005741,-2149.176491907755,4
250,-69.90751922416236,-2321.3683720109784,3
250,-59.875484259792245,-2469.809130079474,4
250,-49.85852185307751,-2603.974975465395,2
250,-39.858644943981794,-2719.789346847884,1
250,-29.875795937763794,-2813.733283157385,1
250,-19.907873652774136,-2882.952345427058,4
250,-9.95100184776491,-2925.343347476374,4
250,0.0,-2939.6182601589485,1
250,9.95100184776491,-2925.343347476374,4
250,19.907873652774136,-2882.952345427058,1
250,29.875795937763794,-2813.733283157385,4
250,39.858644943981794,-2719.789346847884,4
250,49.85852185307751,-2603.974975465395,4
250,59.875484259792245,-2469.809130079474,2
250,69.90751922416236,-2321.3683720109784,2
250,79.95077051005741,-2149.176491907755,1
250,90.0,-2013.7399801280017,4
260,-90.0,-2015.7748817129705,1
260,-79.95077051005741,-2156.3385329928974,4
260,-69.90751922416236,-2336.797434957647,2
260,-59.875484259792245,-2492.3649111464056,1
260,-49.85852185307751,-2632.972128658647,1
260,-39.858644943981794,-2754.346808340947,1
260,-29.875795937763794,-2852.801041969711,4
260,-19.907873652774136,-2925.343347476374,3
260,-9.95100184776491,-2969.7695636162953,2
260,0.0,-2984.729822292812,4
260,9.95100184776491,-2969.7695636162953,2
260,19.907873652774136,-2925.343347476374,4
260,29.875795937763794,-2852.801041969711,4
260,39.858644943981794,-2754.346808340947,4
260,49.85852185307751,-2632.972128658647,2
260,59.875484259792245,-2492.3649111464056,1
260,69.90751922416236,-2336.797434957647,2
260,79.95077051005741,-2156.3385329928974,3
260,90.0,-2014.8772588700795,4
270,-90.0,-2015.5624996296458,3
270,-79.95077051005741,-2158.7503068641654,2
270,-69.90751922416236,-2341.993078270853,4
270,-59.875484259792245,-2499.9604335368203,4
270,-49.85852185307751,-2642.7367440219577,2
270,-39.858644943981794,-2765.9838237804734,4
270,-29.875795937763794,-2865.9568726599364,1
270,-19.907873652774136,-2939.6182601589485,4
270,-9.95100184776491,-2984.7298222928125,3
270,0.0,-2999.9208670736425,2
270,9.95100184776491,-2984.7298222928125,3
270,19.907873652774136,-2939.6182601589485,2
270,29.875795937763794,-2865.9568726599364,2
270,39.858644943981794,-2765.9838237804734,3
270,49.85852185307751,-2642.7367440219577,2
270,59.875484259792245,-2499.9604335368203,3
270,69.90751922416236,-2341.993078270853,1
270,79.95077051005741,-2158.7503068641654,4
270,90.0,-2015.5624996296458,4
280,-90.0,-2014.8772588700795,2
280,-79.95077051005741,-2156.3385329928974,2
280,-69.90751922416236,-2336.797434957647,1
280,-59.875484259792245,-2492.3649111464056,3
280,-49.85852185307751,-2632.972128658647,1
280,-39.858644943981794,-2754.3468083409475,1
280,-29.875795937763794,-2852.801041969711,3
280,-19.907873652774136,-2925.343347476374,2
280,-9.95100184776491,-2969.7695636162953,1
280,0.0,-2984.7298222928125,1
280,9.95100184776491,-2969.7695636162953,2
280,19.907873652774136,-2925.343347476374,1
280,29.875795937763794,-2852.801041969711,3
280,39.858644943981794,-2754.3468083409475,4
280,49.85852185307751,-2632.972128658647,2
280,59.875484259792245,-2492.3649111464056,2
280,69.90751922416236,-2336.797434957647,2
280,79.95077051005741,-2156.3385329928974,2
280,90.0,-2015.7748817129705,1
290,-90.0,-2013.7399801280014,2
290,-79.95077051005741,-2149.1764919077546,4
290,-69.90751922416236,-2321.3683720109784,2
290,-59.875484259792245,-2469.8091300794736,2
290,-49.85852185307751,-2603.974975465395,4
290,-39.858644943981794,-2719.789346847884,1
290,-29.875795937763794,-2813.733283157385,1
290,-19.907873652774136,-2882.9523454270575,3
290,-9.95100184776491,-2925.343347476374,4
290,0.0,-2939.618260158948,4
290,9.95100184776491,-2925.343347476374,1
290,19.907873652774136,-2882.9523454270575,2
290,29.875795937763794,-2813.733283157385,4
290,39.858644943981794,-2719.789346847884,2
290,49.85852185307751,-2603.974975465395,4
290,59.875484259792245,-2469.8091300794736,2
290,69.90751922416236,-2321.3683720109784,4
290,79.95077051005741,-2149.1764919077546,3
290,90.0,-2015.5079519979213,1
300,-90.0,-2012.1852190425,3
300,-79.95077051005741,-2137.481798602942,1
300,-69.90751922416236,-2296.1746937009984,2
300,-59.875484259792245,-2432.9784363299677,3
300,-49.85852185307751,-2556.626348268711,3
300,-39.858644943981794,-2663.3614502818327,3
300,-29.875795937763794,-2749.940650305231,1
300,-19.907873652774136,-2813.733283157385,2
300,-9.95100184776491,-2852.801041969711,3
300,0.0,-2865.956872659937,2
300,9.95100184776491,-2852.801041969711,2
300,19.907873652774136,-2813.733283157385,3
300,29.875795937763794,-2749.940650305231,1
300,39.858644943981794,-2663.3614502818327,1
300,49.85852185307751,-2556.626348268711,1
300,59.875484259792245,-2432.9784363299677,1
300,69.90751922416236,-2296.1746937009984,4
300,79.95077051005741,-2137.481798602942,4
300,90.0,-2014.769821008818,2
310,-90.0,-2010.2602162424105,4
310,-79.95077051005741,-2121.609790416726,1
310,-69.90751922416236,-2261.98189719454,3
310,-59.875484259792245,-2382.991911890236,3
310,-49.85852185307751,-2492.3649111464056,3
310,-39.858644943981794,-2586.777651726058,3
310,-29.875795937763794,-2663.3614502818327,3
310,-19.907873652774136,-2719.789346847884,2
310,-9.95100184776491,-2754.3468083409475,2
310,0.0,-2765.9838237804734,3
310,9.95100184776491,-2754.3468083409475,1
310,19.907873652774136,-2719.789346847884,2
310,29.875795937763794,-2663.3614502818327,4
310,39.858644943981794,-2586.777651726058,1
310,49.85852185307751,-2492.3649111464056,4
310,59.875484259792245,-2382.991911890236,4
310,69.90751922416236,-2261.98189719454,3
310,79.95077051005741,-2121.609790416726,4
310,90.0,-2013.5829164822521,4
320,-90.0,-2008.0234619637147,4
320,-79.95077051005741,-2102.042730286221,3
320,-69.90751922416236,-2219.8289133110625,3
320,-59.875484259792245,-2321.3683720109784,4
320,-49.85852185307751,-2413.1432153475826,1
320,-39.858644943981794,-2492.3649111464056,2
320,-29.875795937763794,-2556.6263482687114,3
320,-19.907873652774136,-2603.974975465395,1
320,-9.95100184776491,-2632.9721286586473,1
320,0.0,-2642.7367440219577,4
320,9.95100184776491,-2632.9721286586473,2
320,19.907873652774136,-2603.974975465395,3
320,29.875795937763794,-2556.6263482687114,3
320,39.858644943981794,-2492.3649111464056,4
320,49.85852185307751,-2413.1432153475826,1
320,59.875484259792245,-2321.3683720109784,3
320,69.90751922416236,-2219.8289133110625,1
320,79.95077051005741,-2102.042730286221,4
320,90.0,-2011.9833019116595,3
330,-90.0,-2005.5429188533194,1
330,-79.95077051005741,-2079.3751534320822,2
330,-69.90751922416236,-2170.996539135426,2
330,-59.875484259792245,-2249.98021676841,4
330,-49.85852185307751,-2321.3683720109784,1
330,-39.858644943981794,-2382.991911890236,3
330,-29.875795937763794,-2432.9784363299677,3
330,-19.907873652774136,-2469.809130079474,4
330,-9.95100184776491,-2492.3649111464065,1
330,0.0,-2499.9604335368213,1
330,9.95100184776491,-2492.3649111464065,2
330,19.907873652774136,-2469.809130079474,3
330,29.875795937763794,-2432.9784363299677,1
330,39.858644943981794,-2382.991911890236,3
330,49.85852185307751,-2321.3683720109784,3
330,59.875484259792245,-2249.98021676841,1
330,69.90751922416236,-2170.996539135426,2
330,79.95077051005741,-2079.3751534320822,4
330,90.0,-2010.019580776325,4
340,-90.0,-2002.8939569584181,1
340,-79.95077051005741,-2054.2958027066747,3
340,-69.90751922416236,-2116.9685216465828,4
340,-59.875484259792245,-2170.996539135426,3
340,-49.85852185307751,-2219.8289133110625,3
340,-39.858644943981794,-2261.98189719454,4
340,-29.875795937763794,-2296.1746937009984,3
340,-19.907873652774136,-2321.3683720109784,4
340,-9.95100184776491,-2336.7974349576466,4
340,0.0,-2341.993078270853,1
340,9.95100184776491,-2336.7974349576466,1
340,19.907873652774136,-2321.3683720109784,2
340,29.875795937763794,-2296.1746937009984,4
340,39.858644943981794,-2261.98189719454,4
340,49.85852185307751,-2219.8289133110625,4
340,59.875484259792245,-2170.996539135426,2
340,69.90751922416236,-2116.9685216465828,1
340,79.95077051005741,-2054.2958027066747,2
340,90.0,-2007.7514197492542,2
350,-90.0,-2000.1570636457484,2
350,-79.95077051005741,-2027.5667014910268,3
350,-69.90751922416236,-2059.386474816436,3
350,-59.875484259792245,-2086.8172181892364,1
350,-49.85852185307751,-2111.6100643189884,3
350,-39.858644943981794,-2133.011695121825,3
350,-29.875795937763794,-2150.371832875551,2
350,-19.907873652774136,-2163.1629985791724,1
350,-9.95100184776491,-2170.996539135426,4
350,0.0,-2173.6344363784738,4
350,9.95100184776491,-2170.996539135426,2
350,19.907873652774136,-2163.1629985791724,3
350,29.875795937763794,-2150.371832875551,2
350,39.858644943981794,-2133.011695121825,3
350,49.85852185307751,-2111.6100643189884,2
350,59.875484259792245,-2086.8172181892364,1
350,69.90751922416236,-2059.386474816436,2
350,79.95077051005741,-2030.5012030861199,4
350,90.0,-1999.827026560035,1
